x_west,flux_west,x_east,flux_east,x_west,Tw_west,x_west,Tf_west,x_east,Tf_east,x_east,Tw_east
0.1449829359,0.2021495818,94.1910399858,0.2113981033,0,356.0937362,0,290,0.2492909211,290.3401447058,0.1993368558,356.2728826682
0.3676426383,0.229895144,93.9255873405,0.2311884874,0.410955025,365.7940354,1.271164074,292.6477167,0.5989693782,290.7896288324,0.3117335027,364.4420300838
0.5649958966,0.2512831124,93.7071321047,0.2471683006,0.515222788,372.1295433,1.557900424,293.7996272,1.1484640964,292.4030109211,0.5240382802,376.2128769735
0.676751995,0.272710154,93.5150183977,0.2634554179,0.710724845,382.2087605,1.844636774,294.5850208,1.6979588146,294.0671878035,0.748831574,389.3064729389
0.800245656,0.2914147803,93.3035347931,0.2807504927,0.901882412,391.6160298,2.131373124,295.7107515,2.2474535328,296.036133449,0.9736248678,409.6158321875
0.9011348616,0.309836005,93.029671337,0.297566173,1.023528136,401.2152842,2.418109474,296.0249089,2.796948251,298.1066686821,1.1234870637,416.3873010924
1.0223223659,0.3298295786,92.6809486239,0.3136996383,1.292886525,415.4221808,2.704845824,297.4909769,3.3464429692,300.4311778844,1.3045705504,430.4217407808
1.1197361511,0.3498928661,92.2074081669,0.3270673667,1.414532249,427.27726,2.991582174,298.9570448,3.8959376874,303.212840231,1.5195514385,444.5252798856
1.195586047,0.3670028977,91.6587905031,0.3329676054,1.536177973,436.2525629,3.278318524,299.2712022,4.4454324056,306.2992713407,1.6765499294,458.1711233945
1.3048358798,0.3861166402,91.1099833177,0.3329676054,1.700083738,444.4119292,3.565054874,300.7372702,4.9949271238,309.1825232751,1.8692298956,471.417082399
1.3974935479,0.4061691492,90.5611912079,0.3334369426,1.818569833,453.9974704,3.851791223,301.8891807,5.544421842,312.1165700032,2.022660239,483.8124847152
1.4901965348,0.4270374611,90.0124701687,0.3361188693,1.909804126,462.55452,4.138527573,304.2453613,6.0939165602,315.1014115253,2.1974994675,497.1020710409
1.6273430489,0.4489622626,89.4638029708,0.3404770001,2.01407189,472.2017707,4.425263923,305.9994069,6.6434112784,318.2894322226,2.3973157287,511.1360998891
1.725701384,0.4717611102,88.9151530022,0.3453715164,2.135717614,480.2171482,4.712000273,307.4916547,7.1929059967,320.867915394,2.5971319898,524.9606002128
1.8296066913,0.494539571,88.3665202628,0.3508024179,2.31384171,491.5991213,4.998736623,308.9315428,7.7424007149,323.0400402147,2.8024987027,538.4280042827
1.938591478,0.516015948,87.8178659869,0.3555628378,2.418109474,501.9663161,5.285472973,310.6332288,8.2918954331,324.9073962725,3.0411681257,551.6463478668
2.0317238488,0.5374799407,87.2691923281,0.3597198242,2.509343767,510.7907735,5.572209323,312.2040159,8.8413901513,326.3683939797,3.2881632264,566.0130355824
2.1425465636,0.5599393526,86.7205272839,0.3641450032,2.630989491,518.0382106,5.858945673,313.2512073,9.3908848695,327.5754177177,3.5462592304,580.925806064
2.2417387674,0.5799144186,86.1718299349,0.3675644597,2.822147058,529.3653308,6.145682023,315.0052529,9.9403795877,328.6808518681,3.8459836221,593.8182076927
2.3348652526,0.6012724629,85.6229581399,0.3655530147,2.926414821,537.860671,6.432418373,317.2305346,10.4898743059,329.6846964308,4.2456161444,606.9975453649
2.4456673679,0.6233610553,85.1485990248,0.3534340585,3.017649115,545.9034749,6.719154722,318.9060408,11.0393690241,330.7901305812,4.7451567974,616.3949142152
2.5175731571,0.6443768914,84.7988388785,0.3372698628,3.121916878,552.3212621,7.005891072,320.2935694,11.5888637423,332.0987439069,5.2946515156,618.9226025928
2.6185653599,0.6646522135,84.4989564751,0.3206754414,3.255727175,560.8508854,7.292627422,321.8643565,12.1383584605,333.864510377,5.8441462338,613.9326614838
2.7195300967,0.6844331096,84.1990701234,0.3039580983,3.377372899,566.6872321,7.579363772,322.5973905,12.6878531787,335.5794820534,6.3187098541,602.8934339211
2.8204605011,0.7035959733,83.8582098777,0.2320313786,3.543332423,575.6337372,7.866100122,323.8801999,13.2373478969,337.5484276988,6.6683883111,590.057963012
2.9416607575,0.7238191018,83.5950219028,0.2483623965,3.721456519,583.9576621,8.152836472,324.9273913,13.7868426152,339.7713473134,6.9113467196,577.4893888651
3.0390137253,0.742787589,83.3995663263,0.2653914337,3.916958576,592.4324324,8.439572822,325.9745827,14.3363373334,342.0958565156,7.188364718,565.2417680969
3.1398136666,0.7596019293,83.2005716032,0.2831843412,4.125494103,599.6318733,8.726309172,326.917055,14.8858320516,345.2330824191,7.4276901035,552.4006749012
3.2513115853,0.7763813667,82.9822019154,0.3018274566,4.373130041,607.8785055,9.013045522,327.8595272,15.4353267698,349.0814354362,7.6868961979,538.4450465447
3.3521311451,0.7935488684,82.7721224816,0.3196920683,4.659866391,614.0045751,9.299781872,328.1736847,15.984821488,352.2186613397,7.8922629107,526.2413262007
3.467317345,0.8125180443,82.5536840263,0.3361942985,4.90750233,617.4864865,9.586518222,329.220876,16.5343162062,354.8987340987,8.0920791719,513.8747609569
3.6252974165,0.8313829249,82.3297601052,0.3545034767,5.259406032,620.0782852,9.873254571,329.220876,17.0838109244,357.4264224763,8.2918954331,501.2288243471
3.7689343901,0.848869925,82.0558729589,0.3705816273,5.546142382,619.7641278,10.15999092,329.220876,17.6333056426,359.6493420909,8.4917116942,487.9543021636
3.9951677733,0.8765046549,81.6822469096,0.3880365002,5.832878732,616.8843514,10.45231304,329.591133,18.1828003608,361.5166981487,8.6915279554,475.1686798708
4.2153563644,0.8951983008,81.183746224,0.4009544471,6.119615082,613.1930018,10.73346362,331.5246971,18.732295079,363.1300802374,8.8913442166,462.383057578
4.3966268855,0.9124277699,80.6350833334,0.4054466743,6.341184079,607.9832246,11.02019997,331.5246971,19.2817897972,364.5402831507,9.0911604777,450.0164923342
4.747134992,0.9300242937,80.0861490824,0.4014908324,6.562753077,601.1503008,11.30693632,332.0482928,19.8312845154,365.8488964764,9.2965271906,437.1531451537
5.2221651711,0.9420352543,79.5371459145,0.3953894492,6.758255134,595.528192,11.59367267,332.755147,20.3807792337,367.1067150083,9.5351966137,424.1726628546
5.7711515642,0.9370672611,78.9881793586,0.3904278848,6.914656779,588.5447344,11.88040902,333.5405405,20.9302739519,368.2121491586,9.7655403592,411.0433650894
6.16967588,0.9201598371,78.4393334074,0.3892210178,7.123192306,579.9054054,12.16714537,333.5405405,21.4797686701,369.317583309,10.0902417836,398.3680222778
6.4184265144,0.903705095,77.8907372802,0.3957917382,7.22746007,573.7138863,12.45388172,334.5877319,22.0292633883,370.3722226656,10.6197548757,400.1514972075
6.5673429781,0.887821266,77.3423435965,0.4086649863,7.407321962,564.4986021,12.74061807,335.8443616,22.5787581065,371.6808359913,10.9838645071,412.7797889896
6.7447122753,0.870492343,76.7940102151,0.4234155831,7.51419642,557.5871389,13.02735442,336.5512158,23.1282528247,373.0402441108,11.18923122,424.8968981236
6.9149156639,0.8525760137,76.2455669973,0.4347467234,7.670598065,549.5237651,13.31409077,337.6507668,23.6777475429,375.0091897562,11.3890474812,437.045170251
7.0636505091,0.8334227929,75.6966693584,0.4319307004,7.774865829,544.916123,13.60082712,338.3838007,24.2272422611,377.3336989585,11.5888637423,449.6823422689
7.212337289,0.8134043267,75.2720695354,0.4156938692,7.904015673,536.0673558,13.88756347,339.8498687,24.7767369793,379.861387336,11.7886800035,462.878257019
7.3609554041,0.7921497955,74.9970539459,0.396641015,7.970367886,529.6533085,14.17429982,340.8970601,25.3262316975,382.4906653013,11.9884962647,476.1440146105
7.4952676964,0.7701883905,74.802465271,0.3790222466,8.165869942,518.9981361,14.46103617,342.7820046,25.8757264157,385.3231224418,12.1883125258,489.3399293606
7.5834637213,0.7527280027,74.6181822094,0.3617312692,8.270137706,511.6547064,14.74777252,344.2480725,26.4252211339,388.2063743761,12.388128787,501.907258537
7.6823891133,0.7357977702,74.4251781457,0.3441359144,8.37440547,503.0153774,15.03450887,345.9759383,26.9747158522,390.937241929,12.5879450482,514.6142733964
7.7812595734,0.7178786858,74.2713796717,0.3266986018,8.503555313,495.9075659,15.32124522,347.9394222,27.5242105704,393.4649303066,12.7877613093,526.9720740483
7.8552129473,0.7008486038,74.1461461647,0.3109892161,8.622041408,488.4313673,15.60798157,349.4840295,28.0737052886,395.738644715,12.9931280222,539.8807353862
7.9624248085,0.683275939,73.9959416069,0.294493132,8.713275701,481.9930103,15.89471792,350.7930187,28.6232000068,397.8091799481,13.2317974452,552.6645012898
8.061171672,0.6631319377,73.8456904585,0.2765465726,8.817543465,475.2255359,16.18145427,351.9449293,29.172694725,399.8797151812,13.4621411908,565.2311609488
8.1599185354,0.6429879364,73.6267308188,0.2552503984,8.97394511,465.1463187,16.46819062,353.7251546,29.7221894432,401.8486608266,13.6655255994,577.2396691378
8.2586859984,0.6232147545,73.3146301945,0.2465844228,9.205940884,451.61137,16.75492697,355.1912226,30.2716841614,403.2080689462,13.9866588763,590.8020925133
8.3574053959,0.6025763272,73.0970524833,0.2683108227,9.312815342,443.4040075,17.04166332,356.8667288,30.8211788796,404.5166822719,14.361314366,603.0662607172
8.4406291076,0.5812133221,72.9479937415,0.2874865986,9.417083106,436.0605778,17.32839967,358.1233585,31.3706735978,405.4697320407,14.8358779863,613.8878425481
8.5109144073,0.5623572579,72.7989863286,0.3082603557,9.625618633,427.7092265,17.61513602,359.6941456,31.920168316,406.1688078405,15.3853727045,620.0219612874
8.6078517078,0.5417408343,72.6499868124,0.3292799562,9.747264357,420.0298229,17.90187237,361.2387529,32.4696630342,407.3250367847,15.9348674227,619.2479880662
8.6869454764,0.5209383122,72.5009359674,0.3487015753,9.909748289,411.8704567,18.18860872,362.3383038,33.0191577524,408.5828553166,16.4843621409,611.362743709
8.7927420088,0.4992892359,72.3518495871,0.3670168997,10.05572316,404.8542743,18.47534507,363.1760569,33.5686524707,410.0946478176,16.9589257612,599.5171487943
8.8997612653,0.478249409,72.202743465,0.3847176159,10.26425868,396.1216799,18.76208142,364.6421249,34.1181471889,411.9112090816,17.3086042182,587.1240158814
8.9902669782,0.4595636429,72.0322546807,0.4024007718,10.59661218,395.167754,19.04881777,364.7992036,34.6676419071,414.2865130776,17.6047604624,573.0026150079
9.0807479718,0.4404328934,71.8760110396,0.4197854038,10.76532322,397.2475924,19.33555412,365.5060578,35.2171366253,416.7634066614,17.8081448711,560.7217784285
9.1877297079,0.4187176452,71.6556427637,0.4378443488,10.96806609,406.477421,19.62229047,366.5532492,35.7666313435,418.8339418945,18.0579151976,547.5299720809
9.2865116885,0.3992058028,71.4566640315,0.4561350888,11.12446773,413.5983225,19.90902682,367.7313395,36.3161260617,421.4124250658,18.314497442,533.504981718
9.3770434941,0.3809897414,71.1578764538,0.4736250822,11.21570203,419.9338304,20.19576317,367.8098788,36.8656207799,424.0924978249,18.5768824315,519.7677012566
9.4758384229,0.3617109855,70.7093631168,0.4895250761,11.31996979,427.7092265,20.48249952,367.8098788,37.4151154981,426.7217757901,18.787799596,506.2290848776
9.5829035377,0.3414966734,70.1606700751,0.493078629,11.47637144,435.1966449,20.76923587,367.8098788,37.9646102163,429.1986693738,19.0070424381,492.5428399043
9.6900245652,0.3222888712,69.6116841364,0.4875136311,11.72400738,448.690454,21.05597222,368.8570702,38.5141049345,431.4723837823,19.2668035777,478.2752346826
9.8090559945,0.3034700058,69.0626529709,0.4805406217,11.76310779,454.4911463,21.34270857,368.9617894,39.0635996527,433.5429190154,19.4816060584,465.8524664934
9.9043411706,0.2852152803,68.5137187199,0.4765847798,11.91950943,462.55452,21.62944492,369.5901042,39.6130943709,435.156301104,19.7036241264,454.3080077946
10.003300895,0.2689030803,67.965057983,0.4811440552,12.0237772,470.3299161,21.91618127,370.218419,40.1625890892,436.3633248421,19.9561696787,441.7183410819
10.1022674858,0.2527144868,67.4165393873,0.4901285096,12.20506092,478.2885707,22.20291762,370.951453,40.7120838074,437.2655798171,20.2933596194,430.0751285614
10.2012890085,0.2375147452,66.868012177,0.4988447714,12.32354702,488.8016243,22.48965397,371.2656104,41.2615785256,438.1170399984,20.780411756,417.4863858935
10.5444651658,0.2268408151,66.3192566793,0.5004539274,12.43215927,496.1519105,22.77639032,371.9986444,41.8110732438,438.866910592,21.3072000809,421.2844421049
10.8510332077,0.2486025979,65.8449441371,0.4897848878,12.62331684,506.3271202,23.06312667,373.1505549,42.360567962,439.6675759794,21.5842180793,433.2659379925
10.9519533124,0.2675800519,65.4951474683,0.4724836669,12.7275846,514.2465051,23.34986302,373.7788698,42.9100626802,440.5698309544,21.8544241598,446.0349025809
11.0527532537,0.2843943922,65.2755695803,0.4535127605,12.83185236,521.7339236,23.63659937,374.8784207,43.4595573984,441.624470311,22.1110064042,459.3121139005
11.128563324,0.3007875061,65.0912865186,0.4362217831,12.88398625,527.0615098,23.92333572,375.5852749,44.0090521166,443.2378523996,22.3733913936,472.6258830853
11.2377568517,0.3188876753,64.8982926079,0.4189425125,13.02735442,535.8242578,24.21007207,376.5277472,44.5585468348,444.8004396945,22.5787581065,485.3405365301
11.3589816312,0.3395522556,64.7445234646,0.4024183321,13.11858871,542.9002796,24.49680842,377.889096,45.108041553,446.464616577,22.7785743677,497.698337182
11.4563924737,0.3595625689,64.5943236449,0.3860697539,13.30974628,550.9636533,24.78354477,378.7530289,45.6575362712,448.2811778409,22.956188822,509.1176265531
11.5572816792,0.3779837936,64.4690877689,0.3702866153,13.47396801,560.8508854,25.07028112,380.6379734,46.2070309895,450.2501234864,23.17820689,522.0647242782
11.6331508012,0.3954399234,64.3188579416,0.3530038327,13.62689406,569.6821994,25.35701747,382.1040413,46.7565257077,452.168274338,23.3780231512,534.5622106131
11.733980955,0.4127981323,64.1685554643,0.333459292,13.82239612,578.6095061,25.64375382,383.5701093,47.3060204259,454.5435783341,23.602816445,547.6318604614
11.8266262635,0.4326281496,64.0182371936,0.3134230646,14.03093165,588.5447344,25.93049017,386.528425,47.8555151441,457.0204719178,23.8525867714,561.036208162
11.9610444958,0.4553768873,63.867930768,0.2937556022,14.27856758,597.5636703,26.21722652,387.4708972,48.4050098623,459.3449811201,24.1227928519,573.8610470236
12.0620641645,0.4761466354,63.7176164457,0.2738422965,14.56530393,605.4699653,26.50396287,387.9683131,48.9545045805,461.3139267655,24.3438017468,585.3245356118
12.1659631775,0.4988117902,63.5673021233,0.2539289908,14.81293987,611.0069897,26.79069922,389.2511226,49.5039992987,463.282872411,24.6768288487,598.5496787107
12.2767618596,0.5208385793,63.4169759559,0.2336469202,15.06057581,616.203677,27.07743557,390.298314,50.0534940169,464.9978440873,25.1264154364,610.7668510591
12.3777712285,0.5414229177,63.266677427,0.214225301,15.34731216,619.8688469,27.36417192,392,50.6029887351,466.8144053512,25.6759101546,619.6946834589
12.4626644761,0.5608147164,63.1165249877,0.1993517826,15.63404851,620.0782852,27.65090827,392.6283148,51.1524834533,468.2754030584,26.2254048728,622.4763458056
12.5505936892,0.5813544044,62.7876852626,0.1688145351,15.92078486,620.0782852,27.93764462,394.8274168,51.7019781715,469.6856059718,26.774899591,619.8229652128
12.651558426,0.6011353006,62.5958115599,0.1864098899,16.20752121,617.905363,28.22438097,396.3982038,52.2514728897,470.7910401222,27.3243943092,611.7345416803
12.7525574952,0.6215342292,62.4929673229,0.2020560587,16.49425756,613.0359231,28.51111732,397.4453952,52.800967608,471.744089891,27.8239349621,600.5205119685
12.8535771639,0.6423039773,62.3935987768,0.2149628309,16.78099391,607.7737863,28.79785367,398.4925866,53.3504623262,472.6971396599,28.2235674844,588.2548829993
12.9545693667,0.6625792994,62.2772426648,0.2537358282,17.06773026,599.7627722,29.08459002,399.8015759,53.8999570444,473.7517790165,28.5447007613,575.7958591368
13.0757627566,0.6826788215,62.0899644379,0.2757168515,17.26323232,593.584343,29.37132637,400.7964077,54.4494517626,475.0603923422,28.7730622027,564.2900628961
13.1731637898,0.7025125541,61.93886801,0.2961730611,17.41963396,586.3849021,29.65806271,402.2624756,54.9989464808,476.5721848432,29.0727865944,550.920225776
13.2739843305,0.7196977138,61.78570527,0.3170185226,17.62816949,579.9054054,29.94479906,402.7860713,55.548441199,478.4903356948,29.3475339535,538.5101114663
13.3747774053,0.7363884476,61.6883008954,0.3356016405,17.77153766,572.8761332,30.23153541,402.8907905,56.0979359172,480.5608709279,29.59730428,526.4916648561
13.4862978853,0.7535740207,61.5416307275,0.3551754484,17.94215764,562.0638821,30.51827176,403.9118021,56.6474306354,482.4790217796,29.8470746064,514.0820983335
13.5680619794,0.7701404133,61.4259330526,0.3774652391,18.12344137,556.1472507,30.80500811,404.3830382,57.1969253536,484.4987622188,30.1842645471,499.7708892672
13.7023085497,0.7897989887,61.2769532783,0.3990994478,18.24508709,548.4678472,31.09174446,404.3830382,57.7464200718,486.264528689,30.4215463573,487.4733451844
13.8532132029,0.8097054199,61.1279458653,0.419873205,18.38411078,540.4524697,31.37848081,404.6971956,58.29591479,488.0302951591,30.7434725558,474.6772845061
14.0040766573,0.8288702121,60.9789147622,0.4399094323,18.51183879,533.3970177,31.66521716,406.3727019,58.8454095082,489.7452668354,31.1708573367,461.9409934752
14.1549195122,0.8476641849,60.8298560205,0.4590852082,18.67084713,526.1975769,31.95195351,406.5821401,59.3949042265,491.5110333056,31.65541177,464.0349640318
14.3306859766,0.8656865814,60.6594050277,0.4779448998,18.77511489,518.4221808,32.23868986,406.6868593,59.9443989447,493.0736206004,32.0200764466,476.1237464918
14.5064146753,0.8830291421,60.5067374787,0.4957158569,18.93151653,509.0629077,32.52542621,407.079556,60.4938936629,494.5854131014,32.2948238057,489.1643636295
14.7821244875,0.9024459688,60.3540078841,0.5115551883,19.0357843,501.8634669,32.81216256,407.6555113,61.0433883811,495.8940264271,32.5445941322,501.3953515927
15.2074830111,0.9191604754,60.133605765,0.5285605192,19.12701859,495.3839702,33.09889891,408.7027027,61.5928830993,497.1010501651,32.7943644586,514.2968308344
15.756997499,0.9236989452,59.9346270328,0.5468512592,19.23128635,488.4313673,33.38563526,409.4357367,62.1423778175,498.1048947279,33.0441347851,527.8688013547
16.2307271042,0.9122977122,59.6358123806,0.5634983613,19.40941045,480.6011184,33.67237161,410.5876472,62.6918725357,499.0071497029,33.2939051116,540.6026577767
16.5543659838,0.8956419123,59.1872701231,0.5784979942,19.54843414,472.7297297,33.95910796,411.0065238,63.2413672539,499.9601994718,33.5486708445,553.5599017343
16.7696960818,0.8768126399,58.6387235299,0.5866108224,19.68745782,465.4342964,34.24584431,412.2631534,63.7908619721,501.0656336222,33.7934457645,567.7652235749
16.9766895852,0.8577234723,58.0900606394,0.5911030497,19.830826,458.5228332,34.53258066,413.8339405,64.3403566903,502.1710677726,34.0931701562,580.4234853921
17.1718678367,0.8399582009,57.541421439,0.5963328067,19.93943825,451.4193849,34.81931701,414.9858511,64.8898514085,503.3780915106,34.4178715806,592.5091532918
17.2993324818,0.8231385505,56.9928080825,0.6023671418,20.13059582,444.9878844,35.10605336,415.1952893,65.4393461267,504.6359100425,34.8175041029,604.2162482096
17.4481799373,0.8060124762,56.4441774968,0.6078650915,20.23486358,438.7963653,35.39278971,417.0802338,65.988840845,505.995318162,35.3170447559,614.6069374725
17.5968598507,0.7858704035,55.8952410921,0.6038422015,20.48249952,429.2014742,35.67952606,417.9441667,66.5383355632,507.3547262815,35.8665394741,621.1474145624
17.7142629431,0.7644910605,55.4456961546,0.5876261233,20.7127575,420.7017707,35.96626241,419.5149538,67.0878302814,508.7649291949,36.4160341923,624.0814612906
17.8193681679,0.7464486106,55.1708712148,0.5745086282,20.8865371,415.6141659,36.25299876,420.7192239,67.6373249996,510.225926902,36.9655289105,623.104308894
17.9183416253,0.7303836236,54.9706061046,0.5527514979,21.3911186,422.2376514,36.53973511,422.3685504,68.1868197178,511.8901037845,37.5150236287,618.8254948987
18.0172876167,0.7138242106,54.8239468418,0.5356829502,21.55645748,427.4212488,36.82647146,423.2063035,68.736314436,513.554280667,38.0645183469,610.9910453354
18.1162130087,0.6968939781,54.670182775,0.5193168118,21.72067921,437.0684995,37.11320781,425.091248,69.2858091542,515.0152783742,38.5390819672,599.3930750406
18.2150697358,0.6787276807,54.5449500576,0.5036320105,21.96831515,449.2551894,37.39994416,426.6620351,69.8353038724,516.4254812875,38.9137374569,586.9827650927
18.2890203631,0.6616481562,54.3947170717,0.4862508906,22.09343647,453.8,37.68668051,428.4422604,70.3847985906,517.8356842009,39.2384388813,574.8163377393
18.3962418374,0.6442485405,54.2514731461,0.4645640013,22.22898456,462.1431234,37.97341686,428.861137,70.9342933088,519.1950923204,39.4882092077,563.1238243895
18.4950230333,0.6247225716,54.1272718173,0.4440068203,22.32021885,470.3299161,38.26015321,430.2748454,71.483788027,520.5545004399,39.7629565668,549.8476588451
18.5938042291,0.6051966028,53.974847751,0.4231306284,22.52875438,479.0412395,38.54688956,431.5052953,72.0332827452,521.761524178,40.0626809586,536.4312598307
18.692585425,0.5856706339,53.8717936865,0.404508,22.71991195,488.9524697,38.83362591,432.1336101,72.5827774635,522.7653687407,40.3624053503,523.7598511257
18.747413295,0.5667786566,53.7241728554,0.3852400329,22.8285242,497.3998136,39.12036226,433.8876557,73.1322721817,523.3628549528,40.6575884634,511.4271739773
18.8443741377,0.5465860268,53.6175718885,0.3671398214,22.98145025,505.94315,39.40709861,435.2228247,73.6817668999,525.0778266291,41.0118081991,499.0367633997
18.9234384785,0.5252537625,53.5172912697,0.3516516947,23.07616014,512.0866729,39.69383496,435.7726002,74.2312616181,525.6753128412,41.4114407214,486.6735761757
19.0292283897,0.5034854943,53.4169988057,0.3357948031,23.23256178,520.582013,39.98057131,435.9296789,74.7807563363,526.7807469916,41.8610273091,477.0431820589
19.1349771019,0.480975587,53.3167063418,0.3199379115,23.37592996,530.3078031,40.26730766,437.0815894,75.3302510545,527.8353863481,42.3355909293,484.6977084947
19.2691795306,0.4570364781,53.2199408975,0.3029396047,23.5323316,537.4287046,40.55404401,437.500466,75.8797457727,529.09320488,42.747711968,497.8191242138
19.3748664445,0.4334141124,53.072316259,0.2835531061,23.6235659,544.916123,40.84078036,438.2858595,76.4292404909,530.3510234119,43.0549294695,509.4342352615
19.4818393522,0.4115399416,52.9656965373,0.2648690168,23.84687269,555.3217148,41.12751671,438.9403541,76.9787352091,531.5580471499,43.3596492678,521.831640913
19.5723162259,0.3923350282,52.8689265806,0.2477302281,24.04182181,564.0273659,41.41425306,438.9403541,77.5282299273,532.7650708879,43.6593736596,535.0952073566
19.6627711269,0.372734574,52.5517497668,0.2351219799,24.22310554,573.137931,41.70098941,439.7781073,78.0777246455,533.9212998321,43.9590980513,547.800031068
19.7614973909,0.3522197533,52.2914102565,0.2415139051,24.3273733,579.9054054,41.98772576,440.0922647,78.6272193637,535.0775287764,44.1838913451,560.3668124575
19.8685350398,0.3315110151,52.1921572001,0.2580161353,24.53590883,587.3928239,42.27446211,440.0922647,79.176714082,536.2845525144,44.5085927695,573.2905944553
19.9957983989,0.3110679286,52.0846895667,0.2776528673,24.74562922,593.8985004,42.56119846,440.0922647,79.7262088002,537.4407814586,44.8582712266,585.8147267146
20.0910953461,0.2930251,51.9653044933,0.2960911134,24.96601335,601.0717614,42.84793481,440.0922647,80.2757035184,538.5970104028,45.2828807816,598.1695927933
20.1864374159,0.2757945425,51.8696615132,0.3140376728,25.21364929,606.8313141,43.13467116,440.5896806,80.8251982366,539.753239347,45.8073984671,608.2306968826
20.3324624535,0.2560143569,51.7704193149,0.3308779375,25.46128523,611.8840125,43.42140751,442.1081081,81.3746929548,540.9094682912,46.3568931853,614.8219687663
20.4339544379,0.237133011,51.6711692198,0.3474723589,25.74802158,615.4968228,43.70814386,442.5269847,81.924187673,542.1164920293,46.9063879035,619.4068462939
20.5898981073,0.2193397371,51.571923073,0.364189702,26.03475793,617.7744641,43.99488021,443.6788952,82.4736823912,543.3743105611,47.4558826217,623.26366511
20.8169510541,0.1975231783,51.4726769263,0.380907045,26.32149428,619.8688469,44.28161656,443.5741761,83.0231771094,544.632129093,48.00537734,625.351131941
21.1215292691,0.1908734493,51.3734268312,0.3975014665,26.60823063,619.0310938,44.56835291,444.7260866,83.5726718276,545.5851788619,48.5548720582,625.2882858334
21.360027904,0.2145841553,51.2741806844,0.4142188095,26.8428331,617.7744641,44.85508926,445.5638397,84.1221665458,546.2334598678,49.1043667764,620.5305494962
21.5192341328,0.2341200884,51.1749305893,0.4308132309,27.18170333,614.0831145,45.14182561,446.2706939,84.671661264,546.9325356676,49.6538614946,611.7019732537
21.6201027389,0.2521704937,51.0756765458,0.4472847307,27.46843968,610.0776074,45.42856196,447.474964,85.2211559822,548.0887646118,50.1534021475,599.5962127169
21.7209782115,0.2703445054,50.9702581148,0.4659995504,27.75517603,604.6322121,45.71529831,448.7315937,85.7706507005,549.0418143807,50.5530346698,586.8871371349
21.8421264788,0.2896317562,50.8192116994,0.4880127675,28.01584544,598.5119602,46.00203466,449.3599085,86.3201454187,549.9948641496,50.8527590616,574.3288073162
21.9395108362,0.3091653016,50.6702582475,0.5104664537,28.23741444,592.4324324,46.28877101,450.7474371,86.8696401369,550.9479139185,51.1574788599,561.7783499791
22.0403931753,0.3274629198,50.5474087643,0.531995301,28.48505037,584.1334407,46.57550736,452.213505,87.4191348551,551.9517584812,51.5021619104,548.9516358363
22.1413029802,0.346254964,50.4055834305,0.5544724009,28.73268631,575.2977633,46.86224371,453.2606964,87.9686295733,552.9556030439,51.8518403674,536.4121655412
22.2171363966,0.36306834,50.2565444306,0.574262785,28.94122184,567.5223672,47.14898006,454.412607,88.5181242915,554.0610371943,52.2086551195,523.7927183453
22.3262997117,0.3806246407,50.1074383085,0.5919635011,29.1367239,558.8624684,47.43571641,456.2975515,89.0676190097,555.2172661385,52.6211329729,524.5898579764
22.4272301162,0.3997875044,49.9334150309,0.6105553992,29.31484799,549.139795,47.72245276,457.0305854,89.6171137279,556.4750846704,53.095141548,537.7595824217
22.5282154524,0.41993922,49.7220007201,0.6300077488,29.54076148,540.1644921,48.00918911,457.6589003,90.1666084461,557.4789292331,53.4603612698,551.6704748406
22.649465736,0.4410629101,49.5603707735,0.6461227758,29.64763594,533.1378378,48.29592546,459.1249682,90.7161031643,558.431979002,53.8250259464,566.6740318864
22.7593549363,0.4609854152,49.2864899445,0.6623976009,29.82749783,525.0456664,48.58266181,459.9889011,91.2655978825,559.3342339771,54.1996814361,582.6564999384
22.860374605,0.4817551633,48.8879102174,0.6796066305,29.9743416,516.655918,48.86939816,461.8738456,91.8150926007,560.2364889521,54.5493598932,595.1008118074
22.9613942737,0.5025249114,48.3643675541,0.6895297593,30.17940153,509.4372787,49.15613451,462.1356435,92.364587319,561.0371543396,54.9739694481,607.1763065201
23.0333000629,0.5235407475,47.815620671,0.691407108,30.33580318,500.5675676,49.44287086,463.1304753,92.9140820372,561.837819727,55.4984871337,616.3992965111
23.1343197315,0.5443104956,47.2667574906,0.6896638556,30.46961347,492.6961789,49.72960721,464.6750826,93.4635767554,562.6384851144,56.0479818519,620.8571870541
23.2353325337,0.5649566372,46.7177780128,0.6843000023,30.67467341,486.399068,49.97724315,465.362302,94.0130714736,563.4899452956,56.5974765701,622.6737483181
23.3363041371,0.5848611398,46.2185036866,0.6731327575,30.78241677,479.4492078,50.38128073,467.4501398,94.4536764706,565.2839581428,57.1469712883,623.2204397364
23.4372345415,0.6040240035,45.8438023655,0.6571119704,31.13084488,461.834576,50.66801708,467.4501398,,,57.6964660065,623.360772804
23.5584308742,0.6241764997,45.5688578465,0.6402717057,31.28724652,457.6589003,50.95475343,468.0784546,,,58.2459607247,623.7550798408
23.655849564,0.6443280776,45.3743060231,0.6238002059,31.66521716,460.4077777,51.24148978,468.8114886,,,58.795455443,623.743028527
23.7566907042,0.6618840568,45.190028978,0.6066965377,31.83320412,467.4821373,51.52822613,470.6178938,,,59.3449501612,622.5119021613
23.8682523831,0.6798112688,45.0184436758,0.5902425982,32.04318781,477.3853681,51.81496248,471.4818267,,,59.8944448794,615.9981172375
23.9690895995,0.6972966158,44.8682122692,0.5729106469,32.23868986,487.2794568,52.10169883,471.4818267,,,60.4439395976,605.1159800446
24.117622701,0.7173147896,44.7179453273,0.5544724009,32.43419192,494.8080149,52.38843518,471.4818267,,,60.9185032178,592.5465593178
24.2424147809,0.7379912797,44.5676349533,0.5346820168,32.64272745,506.1831314,52.67517153,471.4818267,,,61.3181357402,580.1057689366
24.3862920813,0.7598045071,44.4172929924,0.5139082597,32.8382295,515.7892424,52.96190788,471.5865458,,,61.6927912299,567.5657508545
24.5586103461,0.7799589778,44.2981085806,0.4923662422,32.94684176,522.6458527,53.24864423,472.529018,,,62.0424696869,555.4253825109
24.7166139598,0.7992476521,44.1915095879,0.4743274915,33.15537729,531.2851817,53.53538058,472.9217148,,,62.3493303737,541.6895454247
24.9220996166,0.8172196938,44.0912092272,0.4582247567,33.31928305,540.177582,53.82211693,472.9217148,,,62.7917806663,535.8819788739
25.1395711412,0.8369391665,43.9908930731,0.4416303353,33.48990303,549.6284843,54.10885328,473.3405914,,,63.2663442866,547.5162774061
25.4650608808,0.853601497,43.8905690222,0.4247900706,33.58113732,554.1314073,54.39558963,474.4925019,,,63.6659768089,560.2189099696
25.9401111911,0.8659748493,43.7902449714,0.4079498059,33.75491693,562.3867661,54.68232598,475.5396933,,,64.0656093312,573.2009138991
26.4893522683,0.8655915334,43.689905127,0.3906178546,33.93304102,571.0809479,54.96906233,476.0109294,,,64.4902188862,586.3686176191
26.9630317794,0.8532885348,43.5895810762,0.3737775899,34.12854308,579.1854613,55.25579868,477.1366602,,,64.9398054738,599.0235927143
27.3116464537,0.836800568,43.489253077,0.3568144036,34.33707861,587.5368127,55.54253503,478.1838516,,,65.4393461267,609.8319280597
27.5769604136,0.8188879121,43.3889408712,0.3403429038,34.58471455,594.7362535,55.82927138,479.0216047,,,65.988840845,616.4231999435
27.7342594773,0.8040921417,43.2886168203,0.3235026391,34.8714509,603.2708633,56.11600773,480.6971109,,,66.5383355632,618.2905560013
27.9116523167,0.7871870124,43.1883164597,0.3073999043,35.15818724,609.2398543,56.40274408,481.8490214,,,67.0878302814,618.3800942751
28.1032447937,0.7690772709,43.088016099,0.2912971694,35.44492359,614.266373,56.68948043,482.1631789,,,67.6373249996,617.9616846107
28.2307235641,0.7525118967,42.9877236351,0.2754402778,35.73165994,617.669745,56.97621678,483.7339659,,,68.1868197178,618.508376029
28.3796108453,0.7361027401,42.8909660875,0.2586878143,36.01839629,619.8688469,57.26295313,484.3622808,,,68.736314436,620.0709633238
28.528338824,0.7168259128,42.7453939416,0.238481838,36.30513264,620.9160383,57.54968948,485.5141913,,,69.2858091542,622.5478569075
28.6770187374,0.6966838401,42.5617619845,0.2168066555,36.59186899,621.9632297,57.83642583,486.4566636,,,69.8353038724,626.6840470896
28.8113712477,0.6754464159,42.4113844883,0.1949266035,36.87860534,622.3821062,58.12316218,487.4514954,,,70.3847985906,628.3143607762
28.8996163189,0.6588689316,42.1163791075,0.1748412075,37.16534169,620.6018809,58.40989853,488.2368889,,,70.9342933088,627.7943615241
28.9986172422,0.6432983706,41.8285858135,0.1721861001,37.45207804,620.0782852,58.69663488,488.7866644,,,71.483788027,618.3852733522
29.0975906995,0.6272333835,41.7127762682,0.1909931111,37.73881439,617.1985089,58.98337123,489.9385749,,,72.0332827452,606.7412142518
29.1716154847,0.6114888091,41.5636938363,0.2094313571,38.02555074,612.1196306,59.27010758,491.2475642,,,72.5078463655,594.5273570818
29.2788657983,0.5946083407,41.3835209775,0.2307275312,38.31228709,606.7265949,59.55684393,492.0591375,,,72.9324559205,582.5826791199
29.3776538606,0.5752059783,41.2371396515,0.250048179,38.54688956,601.5654374,59.84358028,492.5827332,,,73.4319965734,576.4876358527
29.4764213236,0.5554327965,41.141459444,0.266835763,38.78149203,594.9456918,60.13031663,493.8393629,,,73.9315372263,587.5273697034
29.575168187,0.5352887952,41.0422014521,0.2831843412,38.97699409,588.3287512,60.41705298,495.0959925,,,74.381123814,599.3131894375
29.6739356499,0.5155156134,40.9429395119,0.2994099976,39.13339573,582.6411929,60.70378933,495.0959925,,,74.8806644669,611.3518875668
29.7726893799,0.4954952185,40.8436933652,0.3161273407,39.2802395,574.4818267,60.99052568,496.5620605,,,75.0055496301,630.0924275543
29.8714637093,0.4758456432,40.7444590635,0.3332134487,39.48529943,568.8758621,61.27726203,497.3998136,,,75.4420530101,623.1672410486
29.9702517716,0.4564432809,40.645236607,0.3506683216,39.64170108,561.1662894,61.56399838,497.3998136,,,75.9588397094,625.88094986
30.069039834,0.4370409185,40.5460220472,0.3683690378,39.83720314,553.8434296,61.85073473,497.3998136,,,76.5291486215,625.4874811033
30.1678622287,0.4182565886,40.4468153841,0.3863155972,39.98057131,546.382191,62.13747108,498.3422859,,,77.0786433397,621.0054879326
30.2868446117,0.3985548197,40.3476166178,0.404508,40.17607337,538.5086207,62.42420743,498.6564433,,,77.6281380579,619.4187980101
30.3820689704,0.3792052938,40.2484336449,0.4231920892,40.33247501,529.9412861,62.71094378,499.7036347,,,78.1776327761,619.0511831395
30.480946297,0.3614098159,40.1741380174,0.4400569383,40.54101054,522.3098788,62.99768013,499.7036347,,,78.7271274943,619.4962849701
30.5549340033,0.3449977664,40.0665995108,0.4574872268,40.68437872,515.0188088,63.28441648,500.0177921,,,79.2766222125,621.0080774711
30.6539678856,0.3300205165,39.9674244346,0.4764171594,40.89291424,506.8507159,63.57115283,500.6461069,,,79.872948867,624.0839574563
30.744591702,0.3134607821,39.8682454101,0.4952241704,41.14055018,498.5517241,63.85788918,500.3319495,,,80.3410280653,626.5369950123
30.8601545775,0.296407586,39.7690624373,0.5139082597,41.28391836,491.4046429,64.14462553,500.8555452,,,80.9251063672,628.5403478099
31.0368497335,0.2562423863,39.6497236162,0.5337864449,41.51417633,483.1929171,64.43136188,501.248242,,,81.5214330216,625.7240317111
31.1814990225,0.2384486762,39.5541172995,0.5528744196,41.74008982,478.3932898,64.71809823,501.7194781,,,81.9774720093,621.67012951
31.3555231173,0.2251059249,39.4548869462,0.5700834492,42.27446211,480.6709311,65.00483458,502.1383547,,,82.5735905218,612.5546286065
31.6637800495,0.231174536,39.3449830295,0.5878368461,42.44244906,486.4886611,65.29157093,503.185546,,,83.12308524,602.7899768778
31.7482051502,0.2528397883,39.2457650854,0.6054322008,42.65503945,494.0016775,65.57830728,504.0232992,,,83.6725799582,592.5681720046
31.8778690801,0.2756104149,39.0990640827,0.6240460492,42.83490134,502.2954334,65.86504363,504.4945353,,,84.0222584152,608.0238895077
31.9751955629,0.2941021342,38.9833335048,0.645311493,43.06081483,509.6868593,66.15177998,505.8297043,,,84.4718450029,613.5288926717
32.0760092372,0.3111636875,38.8129315845,0.665698925,43.25457909,520.1500466,66.43851633,506.1438617,,,85.0213397211,621.2884448135
32.1768435109,0.3285960602,38.6602860337,0.6841547312,43.43444098,528.7893756,66.72525268,507.6099297,,,85.5708344393,627.371768759
32.277698384,0.3463992525,38.50758859,0.7009949959,43.64297651,536.1328052,67.01198903,508.3429637,,,86.1203291575,627.8168705896
32.3785669901,0.3644496577,38.29277074,0.7192693464,43.78634468,543.7642125,67.29872538,508.3429637,,,86.6698238757,627.9064088635
32.4544086462,0.3814113615,38.1214642678,0.736150585,43.95696466,551.6181479,67.58546173,509.8090316,,,87.2193185939,627.8943575496
32.5635499886,0.3985721214,37.8891802723,0.7530646027,44.18082439,560.8508854,67.87219808,510.6467847,,,87.7688133121,628.5426385556
32.664480393,0.4177349851,37.5903581746,0.7694799097,44.34533575,568.2743088,68.15893442,510.6467847,,,88.3183080303,628.3782028602
32.7654313969,0.4372686682,37.1418414533,0.7852745423,44.59441985,578.0335508,68.44567077,512.1128527,,,88.8678027485,628.3661515464
32.8663686678,0.4565551384,36.5933508551,0.7951306229,44.77688844,585.3900703,68.73240712,512.9506058,,,89.4172974667,628.6080742017
32.9672990722,0.4757180021,36.0445178259,0.7943260449,44.99121662,589.6486486,69.01914347,512.9506058,,,89.966792185,628.3928437126
33.0682294767,0.4948808658,35.5701589801,0.7822154696,45.19395949,596.9353554,69.30587982,514.4166737,,,90.5162869032,628.0760236358
33.1691530146,0.513920123,35.2203741564,0.7652830137,45.47324814,603.7046998,69.59261617,514.9664492,,,91.0657816214,628.4703306726
33.2903258051,0.5336488255,34.9524678832,0.745668232,45.76743219,609.4492926,69.87935252,515.7518428,,,91.6152763396,628.0519210081
33.3876925058,0.5528645256,34.7666690248,0.7304961896,46.05416854,613.0621029,70.16608887,517.2179107,,,92.1647710578,627.9890749005
33.4885405125,0.5705441114,34.5950594684,0.7132871599,46.32135469,615.8306151,70.45282522,517.662967,,,92.714265776,625.1325151323
33.5893679197,0.5878528777,34.4448122683,0.6954635221,46.62764124,617.7744641,70.73956157,519.0766754,,,93.2637604942,618.5679354147
33.700937446,0.6059213542,34.2945137394,0.676041903,46.91437759,619.0310938,71.02629792,519.2861137,,,93.8132552124,611.3430233773
33.8018217469,0.6242542886,34.144155985,0.6547764592,47.20111394,620.0782852,71.31303427,519.7049903,,,94.3147058824,602.592705476
33.935763004,0.6437671734,34.0080411177,0.6331422506,47.48785029,621.5443531,71.59977062,520.7521816,,,,
34.0680783766,0.6661141096,33.9184120642,0.6164249075,47.77458664,622.3821062,71.88650697,521.5899348,,,,
34.2189898963,0.6861441474,33.818127497,0.6008138592,48.06132299,622.3821062,72.17324332,521.5899348,,,,
34.3697846858,0.7040728747,33.7178271364,0.5847111244,48.34805934,622.172668,72.45997967,522.532407,,,,
34.5455631666,0.7223115825,33.617518879,0.5683625462,48.62176222,622.1517241,72.74671602,522.8465644,,,,
34.7284082372,0.7393498171,33.5171987765,0.5516452032,48.99973286,620.0782852,73.03345237,523.8937558,,,,
34.9219829691,0.7569235044,33.4168628805,0.5344361736,49.28646921,616.4916547,73.32018872,523.8937558,,,,
35.2225476769,0.774331807,33.3414909282,0.5177925835,49.57320556,611.6483945,73.62719936,523.6697732,,,,
35.6728498966,0.7906363263,33.2328255577,0.500141036,49.83387497,607.0872942,73.89366142,523.8937558,,,,
36.2224992173,0.7976019783,33.1324185912,0.4807194168,50.09454438,599.4747945,74.18039777,524.9409472,,,,
36.7716054617,0.7947914802,33.032015573,0.4614207193,50.34218032,591.8564772,74.46713412,525.2551046,,,,
37.295207723,0.7823050005,32.9315967613,0.4416303353,50.55071585,584.945014,74.75387047,526.1975769,,,,
37.693752014,0.765757159,32.8311937431,0.4223316378,50.69408402,578.1382699,75.04060682,526.2761162,,,,
37.9590797069,0.7480917162,32.7307946733,0.4031558619,50.87655261,571.6195035,75.32734317,527.8992629,,,,
38.0949928702,0.7335467467,32.6304113969,0.3844717726,51.08508814,566.572041,75.61407952,528.2134203,,,,
38.2902123206,0.7165231142,32.5300281205,0.3657876833,51.22727145,560.2574769,75.90081587,528.2134203,,,,
38.4853170026,0.6974334875,32.4094060802,0.3457163355,51.43699184,552.6915191,76.18755222,529.2606117,,,,
38.6128346177,0.6815673729,32.3125757699,0.3266986018,51.64552736,543.9082013,76.47428857,530.4125222,,,,
38.7617026726,0.6648121181,32.2122240805,0.3089978856,51.85406289,535.9888164,76.76102492,530.5172414,,,,
38.9104375179,0.6456588973,32.1368631836,0.2926984761,52.04956495,528.5425376,77.04776127,531.2240956,,,,
39.0591517637,0.6261348571,32.0282301897,0.276054886,52.28416742,520.6474625,77.33449762,531.90477,,,,
39.1935788244,0.6062394463,31.9362356133,0.2596571392,52.61652091,520.7260019,77.62123397,532.5330848,,,,
39.2817974106,0.5891851941,31.8171574127,0.2414217139,52.78523195,523.3817956,77.90797032,532.8472422,,,,
39.3558153293,0.5733170132,31.5179364505,0.2277690308,52.94887441,529.3653308,78.19470667,533.9991528,,,,
39.4630725093,0.5565601512,31.1874978761,0.2483155692,53.14437647,537.3052856,78.48144302,534.8369059,,,,
39.5618674382,0.5372813953,31.0198785203,0.2721213935,53.37897893,546.5916292,78.76817937,534.8369059,,,,
39.6524225898,0.519485596,30.9144709473,0.2911742478,53.54696589,553.2354769,79.05491572,535.8840973,,,,
39.7512116331,0.5001008917,30.815209007,0.3073999043,53.75955627,562.194781,79.34165207,537.1407269,,,,
39.8582590911,0.4795687343,30.7159589119,0.3239943257,53.93941816,570.4021435,79.62838842,537.1407269,,,,
39.9571020853,0.4611552239,30.6167167136,0.3408345904,54.16533165,578.2255359,79.91512477,537.1407269,,,,
40.0760413076,0.4406764998,30.517494257,0.3582894633,54.34345575,585.1507123,80.20186112,538.1879183,,,,
40.1712401623,0.4208678641,30.4431844154,0.3747117944,54.5389578,591.8564772,80.48859747,539.444548,,,,
40.27007629,0.4023307472,30.3356403811,0.3919699927,54.74749333,598.6239515,80.77533382,540.0728628,,,,
40.3689261506,0.3840408433,30.2364732016,0.4111457685,54.99512927,605.4699653,81.06207017,541.1200542,,,,
40.4678034773,0.3662453654,30.1372902288,0.4298298578,55.28186562,611.8840125,81.34880652,541.7483691,,,,
40.5666808039,0.3484498874,30.0179649449,0.4501294887,55.56860197,616.1251377,81.63554287,542.1672456,,,,
40.6655718634,0.3309016225,29.9223885231,0.4701481558,55.85533832,619.4499703,81.92227922,542.9002796,,,,
40.7644903889,0.3138477835,29.8480771021,0.4865213182,56.14207467,621.0207574,82.20901557,543.1358977,,,,
40.8634295138,0.297164764,29.7405583373,0.504566215,56.42881102,622.172668,82.49575192,543.7642125,,,,
40.9587450986,0.2794574387,29.649714315,0.5239878341,56.71554737,622.3821062,82.78248827,543.7642125,,,,
41.1047502725,0.2593196772,29.5505877474,0.5444279469,57.00228372,622.3821062,83.06922462,544.3925273,,,,
41.2097954156,0.2401956705,29.4431673533,0.5655353485,57.28902007,622.3821062,83.35596097,545.0208422,,,,
41.3051512184,0.2232123261,29.3238183793,0.5850974495,57.57575642,622.6962637,83.64269732,546.0680336,,,,
41.4824153113,0.2039895751,29.2281985254,0.6037639786,57.86249277,623.5340168,83.92943367,546.0680336,,,,
41.6881478346,0.1836024934,29.1289523787,0.6204813216,58.12316218,623.1500466,84.21617002,546.0680336,,,,
41.9357426767,0.1748772162,29.0190473338,0.6381995981,58.48809935,624.6859273,84.50290637,546.3036516,,,,
42.2740136513,0.2004708846,28.9198361584,0.6560056756,58.7748357,624.6859273,84.78964272,546.9319664,,,,
42.4655923953,0.2249170012,28.7876989884,0.674997069,59.06157205,624.6859273,85.07637907,547.5602813,,,,
42.6083139198,0.2473261425,28.6575094915,0.6991511713,59.3483084,623.2198594,85.36311542,548.083877,,,,
42.7530610562,0.2687465122,28.508517872,0.7204166151,59.63504475,620.9160383,85.64985177,548.083877,,,,
42.8602296587,0.2878478137,28.3594709754,0.7399611558,59.9217811,617.8006439,85.93658812,548.1885961,,,,
42.961015867,0.304414941,28.2103964402,0.7586452451,60.20851745,612.19817,86.22332447,550.0735406,,,,
43.0618158083,0.3212292813,28.0399178088,0.7766444853,60.4952538,606.7265949,86.51006082,550.387698,,,,
43.162622616,0.3381672281,27.8567793975,0.7949890767,60.74288974,599.7758621,86.79679717,550.7018555,,,,
43.2634362903,0.3552287814,27.6445668586,0.8111635159,60.95142527,593.1523765,87.08353352,551.5396086,,,,
43.3642362316,0.3720431217,27.4144349204,0.83035773,61.09479344,587.4844531,87.37026987,551.7490469,,,,
43.4650636388,0.3893518879,27.1156480196,0.8478687956,61.2902955,583.6491146,87.65700622,552.7962382,,,,
43.5658841795,0.4065370477,26.6671396053,0.8639220426,61.40412114,576.6320596,87.94374257,553.8434296,,,,
43.6667047202,0.4237222075,26.1185219415,0.8698222813,61.65523267,570.2581547,88.23047892,554.6811828,,,,
43.7675183945,0.4407837608,25.6193004994,0.8603014415,61.8365164,562.796916,88.51721527,554.2623062,,,,
43.8683114693,0.4574744946,25.2480750572,0.8415471113,62.0853372,555.5189359,88.80395162,554.9953402,,,,
43.9690839447,0.4737944089,25.0638337354,0.8255555912,62.29387272,549.0054054,89.09068797,556.0425316,,,,
44.0698426871,0.4898671102,24.8442755892,0.807199293,62.45027437,544.2167488,89.37742432,556.1472507,,,,
44.1813690526,0.5071586317,24.6690826079,0.7893756552,62.68487684,536.6171312,89.66416067,556.8541049,,,,
44.26316846,0.5243607148,24.5188314595,0.7714290957,62.89341236,531.8419385,89.95089702,557.0111836,,,,
44.3974493627,0.5446373227,24.3685013437,0.7510241035,63.28441648,541.4603914,90.23763337,557.0111836,,,,
44.5484226808,0.5657798188,24.2323847841,0.7293372141,63.492952,546.5287978,90.52436972,557.8489367,,,,
44.6993204676,0.5855626436,24.142737681,0.7120579435,63.64935365,552.3624018,90.81110607,558.8961281,,,,
44.8715916479,0.6048695269,24.0424373203,0.6959552087,63.90629921,559.397284,91.09784242,559.3150047,,,,
45.0295187493,0.6227808717,23.9421132695,0.679114944,64.09249164,564.7289842,91.38457877,559.3150047,,,,
45.246068596,0.6401765117,23.8417734251,0.6617829927,64.30102717,573.1117512,91.67131512,559.7862408,,,,
45.4023039273,0.6561689515,23.7664093696,0.6453852459,64.58776352,583.8192832,91.95805147,560.1789376,,,,
45.7028498013,0.6732382191,23.6577637409,0.6283483066,64.79629905,588.5735322,92.24478782,561.0166907,,,,
46.1531161727,0.6888974163,23.5573646711,0.6091725308,65.00483458,596.2023214,92.53152417,561.3308481,,,,
46.7027992015,0.6964698637,23.4569537562,0.58962799,65.29157093,603.2708633,92.81826052,561.3308481,,,,
47.252096459,0.6970978736,23.3719600853,0.5692932387,65.57830728,608.6115394,93.10499687,562.0638821,,,,
47.8012551383,0.6952312797,23.2893811227,0.5501701435,65.86504363,613.6380581,93.39173322,562.4827586,,,,
48.3501965872,0.6894542258,23.1806391539,0.5301339162,66.15177998,616.936711,93.67846957,563.52995,,,,
48.8238508172,0.6766961306,23.101038106,0.5112654444,66.43851633,618.2980598,93.96520592,563.6346692,,,,
49.1724895242,0.6606407865,23.0005679656,0.489877079,66.72525268,619.7641278,94.25194227,564.1582648,,,,
49.4212243657,0.6439017495,22.9001096702,0.4688574786,67.01198903,620.0782852,94.5,563.9418453,,,,
49.6115208761,0.6238642893,22.7996395298,0.4474691132,67.29872538,620.0782852,,,,,,
49.8149106214,0.6041069204,22.699187157,0.4266338952,67.58546173,620.0782852,,,,,,
49.9423882147,0.5875203565,22.5890132472,0.405163582,67.87219808,619.4499703,,,,,,
50.0912590163,0.5708145443,22.4751032424,0.3844893328,68.15893442,619.5546895,,,,,,
50.2400213274,0.5521557495,22.3747007882,0.3652081956,68.44567077,620.0782852,,,,,,
50.3886737749,0.5315192508,22.251710856,0.3453826911,68.73240712,621.1254766,,,,,,
50.5230547321,0.5107939107,22.1513117862,0.3262069152,69.01914347,622.3821062,,,,,,
50.6076595874,0.4928919334,22.0509522,0.3082603557,69.30587982,623.8481742,,,,,,
50.7537096386,0.4735620285,21.9303606185,0.2891372606,69.59261617,625.1048039,,,,,,
50.858794264,0.4551487592,21.8585190701,0.2714576167,69.92496967,627.0617428,,,,,,
50.9577677214,0.4390837722,21.7296843142,0.2545787195,70.08788805,627.8536813,,,,,,
51.0567411787,0.4230187852,21.6329070248,0.2372116477,70.85686281,626.9897484,,,,,,
51.1557009031,0.4067065852,21.5326343027,0.2219693644,71.20876651,623.8481742,,,,,,
51.2546468945,0.3901471722,21.3574018378,0.2029165102,71.49550286,621.0207574,,,,,,
51.3535791529,0.3733405462,21.0576080932,0.1890822383,71.7431388,616.1545899,,,,,,
51.4525182779,0.3566575267,20.7161430808,0.209273315,71.99077474,610.3917648,,,,,,
51.5514642693,0.3400981137,20.5386933259,0.23213674,72.25144415,604.527493,,,,,,
51.6504239937,0.3237859137,20.3736326998,0.2523924703,72.51211356,597.0662543,,,,,,
51.7493699851,0.3072265007,20.2762465158,0.2715419058,72.77452076,588.5735322,,,,,,
51.84830911,0.2905434812,20.1343219088,0.2909284045,72.99435196,583.4331314,,,,,,
51.9472551014,0.2739840682,20.0386947222,0.3093666505,73.15075361,576.8816403,,,,,,
52.0462010928,0.2574246552,19.9643738251,0.325444801,73.35928913,571.4100652,,,,,,
52.1202602105,0.2422981133,19.8568250527,0.3425554933,73.78939366,573.3211895,,,,,,
52.2858969916,0.2253252739,19.7576302348,0.3608708177,74.05006307,579.0574713,,,,,,
52.5110371054,0.2272438828,19.6584670037,0.3801695152,74.20646471,585.3900703,,,,,,
52.6691694493,0.2359412326,19.5593116694,0.399714056,74.49320106,594.8409726,,,,,,
52.7950196866,0.2542645364,19.431076614,0.4199961266,74.75387047,601.3917366,,,,,,
52.9068281665,0.2766345189,19.3337420408,0.4407523236,75.01453988,608.1926629,,,,,,
53.0595391947,0.2969559837,19.2453247129,0.4617587538,75.30127623,614.3187325,,,,,,
53.1587004993,0.3163748205,19.1462552556,0.4839768403,75.58801258,618.7169364,,,,,,
53.302402214,0.3350272532,19.0471769144,0.5059183531,75.87474893,622.172668,,,,,,
53.4104139222,0.3532545147,18.945339323,0.5282491177,76.16148528,624.1623316,,,,,,
53.5112923376,0.3714815006,18.8656586496,0.5500472219,76.44822163,625.8378378,,,,,,
53.6639629026,0.3910745699,18.7665270055,0.5703292925,76.73495798,625.8378378,,,,,,
53.7274122771,0.4096735776,18.6674032582,0.5908572064,77.02169433,625.4189613,,,,,,
53.8783567559,0.4302969265,18.5682558206,0.6106475904,77.30843068,623.5340168,,,,,,
54.0293850058,0.4524282746,18.469108383,0.6304379745,77.59516703,622.3821062,,,,,,
54.1803789233,0.4739415902,18.3699648938,0.6503512802,77.88190338,621.9632297,,,,,,
54.3313522414,0.4950840864,18.2708332497,0.6706333508,78.16863973,621.7537914,,,,,,
54.4822294287,0.5144960916,18.1716858121,0.6904237349,78.45537608,621.2301957,,,,,,
54.6545025709,0.5338382911,18.0523289414,0.7097399926,78.74211243,621.2301957,,,,,,
54.8124237868,0.5516436875,17.9505071904,0.729482086,79.02884878,621.6490723,,,,,,
55.0032923404,0.5686557449,17.7994364268,0.7507372863,79.31558513,621.9632297,,,,,,
55.2603047248,0.5885662743,17.6649899324,0.7717978606,79.60232148,622.8009828,,,,,,
55.685725671,0.6064044762,17.5347234422,0.7935549909,79.93467498,624.109972,,,,,,
56.2354311719,0.614381454,17.3856883907,0.8134682966,80.17579418,625.3142421,,,,,,
56.7845636338,0.612042908,17.2152729332,0.833434283,80.38432971,625.1466915,,,,,,
57.3335462816,0.6070074931,17.0590563666,0.8516618062,80.80140076,626.9897484,,,,,,
57.8825514015,0.6023766086,16.8635504486,0.8671235926,81.0490367,626.9897484,,,,,,
58.4315827389,0.598217676,16.6645744801,0.8855003777,81.3934927,626.4960724,,,,,,
58.9804043365,0.590283127,16.315904083,0.9032625547,81.68767675,624.1623316,,,,,,
59.4290238225,0.576296029,15.8423439738,0.9160184686,81.9744131,622.172668,,,,,,
59.7277169238,0.560012733,15.2933795716,0.9111239524,82.26114945,619.5546895,,,,,,
59.9515257525,0.54400201,14.8687783129,0.8948424224,82.5478858,615.3921037,,,,,,
60.1003567285,0.5265792801,14.5937706201,0.8760354115,82.83462215,611.1509786,,,,,,
60.2954834813,0.50788696,14.3992161644,0.8594819639,83.1213585,606.6218758,,,,,,
60.4230222844,0.4924022598,14.2184783601,0.8416173522,83.40809485,600.6267051,,,,,,
60.5932749155,0.4753723656,14.0932740709,0.8268175868,83.6948312,594.9456918,,,,,,
60.7207254353,0.458298439,13.9430837273,0.8107640206,83.95550061,589.8726313,,,,,,
60.8695879971,0.441444299,13.7928009919,0.791834088,84.39863861,609.3445734,,,,,,
61.0183159758,0.4221674717,13.6424353408,0.770322801,84.68537496,613.8474964,,,,,,
61.1527204752,0.4018659253,13.5670254842,0.7524991631,84.97211131,618.5074981,,,,,,
61.237372415,0.3848115353,13.4667211751,0.7362735066,85.25884766,621.6490723,,,,,,
61.381346827,0.3655698405,13.3664010726,0.7195561636,85.54558401,622.8009828,,,,,,
61.5298916997,0.3429968401,13.2660809701,0.7028388205,85.83232036,625.1048039,,,,,,
61.6805245547,0.320557827,13.1907342874,0.686981929,86.11905671,625.8378378,,,,,,
61.7856314962,0.3025462788,13.0618832867,0.669597297,86.31455876,625.8378378,,,,,,
61.8810108412,0.285986728,12.9650337986,0.6499825153,86.79679717,626.9897484,,,,,,
62.0368838839,0.2669220731,12.864658419,0.6315442693,87.08353352,626.9897484,,,,,,
62.1869031535,0.2452084872,12.789256459,0.6139664747,87.34420293,626.9897484,,,,,,
62.3305828954,0.2249426151,12.7138446282,0.5960813761,87.7091401,626.9897484,,,,,,
62.4969283026,0.2017817011,12.62414253,0.5770899827,87.90464216,626.9897484,,,,,,
62.8266380833,0.1660016034,12.5255223404,0.5578220156,88.51721527,626.9897484,,,,,,
62.9892298805,0.1923151906,12.4161967184,0.5381062625,88.71271732,626.9897484,,,,,,
63.1845310901,0.2041788495,12.2955447833,0.5171042223,89.2992235,626.9897484,,,,,,
63.354237885,0.225476577,12.1951062298,0.49669923,89.5598929,626.9897484,,,,,,
63.5051082058,0.2447649757,12.0863072918,0.474889419,90.0030309,626.9897484,,,,,,
63.6559922596,0.2643005875,11.9775275315,0.453676656,90.21156643,626.9897484,,,,,,
63.8069106458,0.2844542317,11.8770968747,0.433517507,90.87627342,627.8536813,,,,,,
63.9578152991,0.3043606629,11.8099509497,0.4140958879,91.67131512,629.0055918,,,,,,
64.1087268188,0.3243907006,11.720232776,0.3946040278,92.50545723,627.3039058,,,,,,
64.2596108726,0.3439263123,11.6127097244,0.3755336134,92.82943206,625.0150446,,,,,,
64.410460594,0.3628438916,11.4920560972,0.3544788924,93.07892993,622.8009828,,,,,,
64.5613103154,0.3817614709,11.3833039754,0.3341265809,93.36566628,619.0310938,,,,,,
64.7120639061,0.3989485592,11.2745682112,0.3142835161,93.65240263,614.266373,,,,,,
64.884274269,0.4171606422,11.1539862187,0.2954589449,93.93913898,610.1823265,,,,,,
65.0421895993,0.4348600901,11.0571750861,0.2770382591,94.22587533,603.2708633,,,,,,
65.2214577238,0.4517127772,10.9604102058,0.2600575126,94.5,600.7837838,,,,,,
65.4151489897,0.4713842433,10.7246013341,0.2411978209,,,,,,,,
65.6907846439,0.4894661199,10.4695258428,0.2327250079,,,,,,,,
66.1160851145,0.5051355897,10.1477855631,0.256791309,,,,,,,,
66.6657044724,0.5115618678,10.0485811562,0.2748081094,,,,,,,,
67.2146946109,0.5066612963,9.9066700864,0.2946160537,,,,,,,,
67.7635761341,0.4998054949,9.8359318245,0.3112842281,,,,,,,,
68.3126261982,0.495983671,9.7283601516,0.3276819749,,,,,,,,
68.8619646546,0.4973533198,9.6291574369,0.345751456,,,,,,,,
69.4115390682,0.5029705373,9.5098321531,0.3660510868,,,,,,,,
69.9609898851,0.5063628378,9.414232041,0.3853322241,,,,,,,,
70.5099987504,0.501799375,9.3025445906,0.4030329403,,,,,,,,
70.9586910033,0.4891221847,9.2034247916,0.4236837758,,,,,,,,
71.2573817503,0.4727965094,9.1132480433,0.4453882254,,,,,,,,
71.4811370205,0.4558216557,9.0425754371,0.4641004111,,,,,,,,
71.6713774547,0.4347747425,8.918514595,0.4848987526,,,,,,,,
71.8748012054,0.41562952,8.8194125637,0.5061027355,,,,,,,,
72.0272213891,0.3986130635,8.7175795786,0.5285769087,,,,,,,,
72.1760592315,0.3813139402,8.6379041698,0.5505389084,,,,,,,,
72.2999690013,0.3647060489,8.5185833983,0.5709790211,,,,,,,,
72.4487958574,0.3472091551,8.41051378,0.5903655198,,,,,,,,
72.5974620379,0.3268198694,8.3274102487,0.6103841869,,,,,,,,
72.7461488177,0.3068014031,8.2413539032,0.6309296611,,,,,,,,
72.964020887,0.2738069551,8.1220432847,0.651685858,,,,,,,,
73.0928717765,0.2562598473,8.051367971,0.6703137546,,,,,,,,
73.3864248263,0.2373347111,7.9236615455,0.68856235,,,,,,,,
73.4575917821,0.2300694135,7.8280625615,0.7078786078,,,,,,,,
73.7846108832,0.2528609062,7.728840105,0.7253334807,,,,,,,,
73.9426743333,0.2732267227,7.629601855,0.742296667,,,,,,,,
74.0934828558,0.291402663,7.5303517599,0.7588910884,,,,,,,,
74.2442845119,0.3094549969,7.4310898196,0.7751167449,,,,,,,,
74.3950655685,0.3271365112,7.3256476984,0.7930940348,,,,,,,,
74.5673014354,0.345807704,7.2006366254,0.8120459177,,,,,,,,
74.7216491385,0.3634893561,7.0373976065,0.8335396444,,,,,,,,
74.8758869778,0.3791933043,6.8812318046,0.8533475887,,,,,,,,
75.0924185138,0.396259327,6.6664346366,0.8722658145,,,,,,,,
75.2772288693,0.4130062799,6.511765529,0.8893601172,,,,,,,,
75.6242360514,0.4317857566,6.2379368185,0.9072575081,,,,,,,,
76.0992606125,0.4436955847,5.8144393077,0.9253381638,,,,,,,,
76.6484679815,0.4427054732,5.265808722,0.9308361136,,,,,,,,
77.1971060567,0.4314672597,4.7914595676,0.9190272551,,,,,,,,
77.7456916971,0.419285142,4.4666047317,0.9016031126,,,,,,,,
78.2944720958,0.410608954,4.2248778222,0.8834107099,,,,,,,,
78.8435071785,0.4065174432,4.0877815037,0.868203547,,,,,,,,
79.3928269081,0.4075499834,3.8912082574,0.8504369799,,,,,,,,
79.9423039425,0.4114142361,3.7159767796,0.8314148561,,,,,,,,
80.4916461442,0.4128513066,3.5657216828,0.813345375,,,,,,,,
81.0406849723,0.4088272176,3.4154034121,0.7933091477,,,,,,,,
81.5393071837,0.3960963063,3.3400290907,0.7765918046,,,,,,,,
81.9378822104,0.3801017509,3.2397524202,0.7612265996,,,,,,,,
82.2365882599,0.3640515415,3.1394520596,0.7451238647,,,,,,,,
82.5101955555,0.3456200598,3.0391319571,0.7284065217,,,,,,,,
82.7089509983,0.3280447504,2.9637742189,0.7122054495,,,,,,,,
82.9077579398,0.3113964897,2.8635030761,0.6970123348,,,,,,,,
83.1513353674,0.2917030646,2.7714721748,0.6794837089,,,,,,,,
83.3052070271,0.2751334124,2.6627177969,0.6590611564,,,,,,,,
83.5038783555,0.2560439235,2.5337449609,0.6378835138,,,,,,,,
83.7025651335,0.2372325491,2.4784599296,0.6178999672,,,,,,,,
83.9016742001,0.2260229741,2.3971235745,0.6004802148,,,,,,,,
84.2108224015,0.3080600077,2.2984420442,0.5793025722,,,,,,,,
84.5064875808,0.3271562289,2.1979570974,0.5574532507,,,,,,,,
84.8320039034,0.3442970931,2.0878006262,0.5365258414,,,,,,,,
85.2823387612,0.3611891446,1.9845764999,0.5156906234,,,,,,,,
85.8320854611,0.3699077613,1.8948574801,0.496172423,,,,,,,,
86.3813115568,0.3692547584,1.7961831415,0.4752186734,,,,,,,,
86.9303503849,0.3652306694,1.6957070785,0.4536459256,,,,,,,,
87.4793779769,0.3610043151,1.5855341558,0.4322063429,,,,,,,,
88.0284205504,0.3570476478,1.4823205586,0.4116989159,,,,,,,,
88.5774781052,0.3533606674,1.3926083074,0.3923914383,,,,,,,,
89.1265019519,0.3490668914,1.2939627355,0.3723332606,,,,,,,,
89.6755894696,0.3459192847,1.1643842482,0.3507912432,,,,,,,,
90.2247181861,0.3435133171,1.0556084363,0.3297014018,,,,,,,,
90.7739068284,0.3421860969,0.9266288317,0.3083130364,,,,,,,,
91.3230917252,0.3407914551,0.8298075462,0.2895762664,,,,,,,,
91.872138044,0.3369022095,0.7330155914,0.2717526286,,,,,,,,
92.3958586584,0.3265462563,0.5853533024,0.2511939843,,,,,,,,
92.7944743609,0.3112839223,0.4205830223,0.2342615284,,,,,,,,
93.0931800179,0.2952266496,0.2848904891,0.2165300818,,,,,,,,
93.366774954,0.2765726762,,,,,,,,,,
93.5600572392,0.2603465234,,,,,,,,,,
93.7429933724,0.2433547896,,,,,,,,,,
93.8137966009,0.2338221866,,,,,,,,,,
94.3505750709,0.2044129743,,,,,,,,,,
